delete from Расположение
delete from Магазин
delete from Ценник

delete from Сеть

delete from Отзыв
delete from Клиент
delete from Товар

insert into Товар values
(14356346,'Эко средство для мытья посуды','Средства для мытья посуды','С дозатором\tда\nСменный блок\tда','OTSU',350,'https://avatars.mds.yandex.net/get-mpic/4912684/img_id2785484853023591936.png/orig',0),
(65467457,'Ecolatier GREEN Мыло для тела и волос Питание & Восстановление Серия ORGANIC COCONUT, 350 мл','Банные принадлежности','Назначение\tдля бани\nЭффект\tпитание\nАктивный ингредиент\tглицерин','Ecolatier',400,'https://avatars.mds.yandex.net/get-mpic/5159019/img_id9176710294411637375.jpeg/600x800',1),
(10003906,'Зефир Eco-Botanica Смузи Абрикос Манго 280г','Зефир','Бренд\tРот Фронт\nПолный состав продукта\nСахар, вода питьевая, патока, пюре яблочное (яблоки, консервант – диоксид серы), желирующий агент пектин, регуляторы кислотности молочная кислота\nАктивный ингредиент\tглицерин','Ecolatier',280,'https://avatars.mds.yandex.net/get-mpic/5159019/img_id9176710294411637375.jpeg/600x800',1),
(10004981,'GARDENICA Экологичный жидкий пятновыводитель Active OXY, 750 мл','Отбеливатели и пятновыводители','Бренд\tGardenica\nПолный состав\n30%: вода деминерализованная; 5-15%: алкилполигликозид, лауретсульфат натрия; < 5%: морская соль, перекись водорода, кокамидопропилбетаин, гидроксиэтилцеллюлоза, лимонная кислота','Вектор Дистрибьюшн',0.8,'https://avatars.mds.yandex.net/get-mpic/11763878/2a0000018b41c768f7e18dbad18b7e5c7496/600x800',1),
(10004580,'Кондиционер для белья Synergetic Аромамагия 1л','Кондиционеры и ополаскиватели для белья','Бренд\tSynergetic\nПолный состав\nПодготовленная вода > 30%, к-тензиды (растительного происхождения) 5–15%, парфюмерная композиция «ландыш» (масла жасмина, герани, розы, нероли), пищевой краситель (кармуазин)','Planet Synergetic',0.98,'https://img-dostavka.magnit.ru/resize/1600x1600/uf/315/3156931bafe9b2527a4a36ed8edb051e/19a443f07a9e7ec93695aaa52991722f.jpeg',1),
(10003579,'Мыло хозяйственное Biomio Bio-Soap экологическое без запаха пятновыводитель 200г','Хозяйственное мыло','Бренд\tBioMio\nПолный состав\n натриевые соли жирных кислот пальмового масла, натриевые соли жирных кислот пальмоядрового масла, протеаза, оливковое масло, глицерин','Сплат-Косметика',0.2,'https://img-dostavka.magnit.ru/resize/1600x1600/uf/bf6/bf6b4d594ea60181e98ca87ff6331143/5fe6e56374f239e4f4239fe597fd4f1f.png',1),
(10002341,'Шампунь для волос Garnier Fructis Огуречная свежесть 400мл','Шампунь','Бренд\tGarnier\nПолный состав\nАква / вода, лауретсульфат натрия, лимонная кислота, кокамидопропилбетаин, дистеарат гликоля, гидроксид аммония, ниацинамид, коко-бетаин','L’Oréal',0.4,'https://img-dostavka.magnit.ru/resize/1600x1600/uf/200/20012633148ff9463db19b0deb5be7f6/d9300a473517f04d51b6fdc4de49d0dd.png',1),
(10003868,'Сыр Эконива Колыбельский 45% 200г','Твердые','Бренд\tЭконива\nПолный состав продукта\nМолоко нормальзованное, соль,уплотнитель-хлорид кальция,молокосвертывающий ферментный препарат животного происхождения','Эконива-Апк Холдинг',0.2,'https://img-dostavka.magnit.ru/resize/1600x1600/uf/186/186c4a31478d2084d324d119e873ce08/346b04d25aa378cc86cb8b35fafba932.jpeg',0),
(10002222,'Шоколад Eco Botanica Горький с абрикосом и клюквенным экстрактом 85г','Шоколадные плитки','Бренд\tРот Фронт\nПолный состав продукта\nКакао тёртое, сахар, масло какао, какао-порошок, абрикос сушёный резаный (абрикос сушёный, рисовая мука), экстракт ягод клюквы, ароматизаторы натуральные абрикос и ваниль','Объединенные Кондитеры',0.085,'https://img-dostavka.magnit.ru/resize/1600x1600/uf/882/882f6a968e4d171b7e202ff9e8184cdf/d873796292d05bcbdb0a35d33d2c5882.jpeg',1),
(10004536,'Средство Wonder Lab Эко для мытья посуды овощей и фруктов Яблочный цвет 1л','Средства для мытья посуды','Бренд\tWonder Lab\nПолный состав\nВода >30%, микрогели полисахаридов (biomicrogel®) <5%, апав (на основе пальмоядрового масла) <5%, нпав (на основе кокосового масла) <5%, кокамидопропил бетаин (на основе кокосового масла и свекловичного сахара)','Биомикрогели',1,'https://img-dostavka.magnit.ru/resize/1600x1600/uf/606/60629b019dde56a0784c8f0a4431e391/4480812b50c3c2d52fdfcffad27b8a73.jpeg',1),
(10004518,'Хлебцы Eco-Botanica злаковые с творожным сыром томатом базиликом 75г','Хлебцы','Бренд\tРот Фронт\nПолный состав продукта\nВафли листовые (мука пшеничная общего назначения, экстракт солодовый жидкий (солод ячменный, вода питьевая, солод ржаной), мука ржаная цельнозерновая, крахмал картофельный, масло подсолнечное высокоолеиновое рафинированное дезодорированное','Объединенные Кондитеры',0.075,'https://img-dostavka.magnit.ru/resize/1600x1600/uf/56c/56ce1bed93728bbe703f05ff47ca6a0a/e78fac11b72200f259a416c6906be365.jpeg',1),
(10004510,'Средство для стирки Солнце и Луна Eco для детского белья 0+ 1л','Детские средства для стирки','Бренд\tСолнце и луна\nПолный состав\n5% АПАВ, 5% НПАВ, 5% мыла, экстракт мыльного ореха, экстракт хлопка, экстракт льна, консервант','Коттон-Клаб',1,'https://img-dostavka.magnit.ru/resize/1600x1600/uf/fd1/fd162593e733432d70fe2ea5a428603e/4ac6a35284e9402c22d2fc84282815fe.jpeg',0),
(10004605,'Гель для стирки Biomio Sensitive Refill без запаха 1л','Жидкие средства для стирки','Бренд\tBioMio\nПолный состав продукта\n<5% анионные ПАВ, мыло, неионогенные ПАВ, амфотерные ПАВ, глицерин, комплексообразователи, консервант (феноксиэтанол), лимонная кислота, экстракт хлопка','Сплат-Косметика',1.03,'https://img-dostavka.magnit.ru/resize/1600x1600/uf/c12/c12b19b0867a0b53391a241c3abaa042/d7ee53adff467555537a75b728fc2e3e.jpeg',1),
(10003061,'Зубная паста Synergetic Деликатное отбеливание 100мл','Зубные пасты,гели','Бренд\tSynergetic\nПолный состав продукта\nВода, сорбит, диоксид кремния, глицерин, дигидрат дикальцийфосфата, целлюлозная камедь, лауроилсаркозинат натрия, ароматизатор','Planet Synergetic',0.1,'https://img-dostavka.magnit.ru/resize/1600x1600/uf/71a/71a7c10290c416d11e2e4eb10a7b598a/4403f684a22e1140056629b6376d82bd.jpeg',1),
(10004995,'Капсулы для стирки Synergetic Color 12шт','Жидкие средства для стирки','Бренд\tSynergetic\nПолный состав\nА-тензиды 15–30%; н-тензиды 15–30%; растительные гликоли 15–30%; вода (содержащаяся в компонентах) ? 10%; мыло < 5%; зелёные хелаты < 5%; анти-ресорбенты биоразлагаемые < 5%','Planet Synergetic',0.18,'https://img-dostavka.magnit.ru/resize/1600x1600/uf/443/4437d5aafcc9cb2d9e72bedbe0cb4c9a/b2d2ec36c6674645459300405bfcb44c.png',1),
(10004562,'Кондиционер для белья BioMio с эфирным маслом мандарин 1л','Кондиционеры и ополаскиватели для белья','Бренд\tBioMio\nПолный состав\n5-15% катионные ПАВ, ˂ 5% глицерин, натуральная отдушка на основе эфирного масла эвкалипта, консервант, экстракт хлопка','Сплат-Косметика',1.02,'https://img-dostavka.magnit.ru/resize/1600x1600/uf/01c/01c41e68a7dd08ef19ad494c8d5de13f/ab73e2dd6da955112c0732cb759a99c5.png',1),
(10004473,'Гель для душа Wonder Lab эко детский 2в1 озорная дыня 550мл','Для душа и ванной','Бренд\tWonder Lab\nПолный состав\nВода, спирт, дисодиум кокоил глютомат, коко-глюкозид, глицерин, парфюмерная композиция, ксантановая камедь, содиум кокоил глютомат, молочная кислота','Биомикрогели',0.56,'https://img-dostavka.magnit.ru/resize/1600x1600/uf/0a8/0a8687eaa43f4b22b1a00870f8c172ae/1b7c772f6e036ace3e7bdb69088b5444.jpeg',0),
(10004529,'Зубная щетка Cameo By Elen Manasir экологически чистая средняя жесткость','Зубные щетки и аксессуары','Бренд\tCameo\nПолный состав\nОснова: полипропилен, пшеничная соломаЩетина: полибутилентерефталат, бамбуковый уголь','Прогресс-Групп',0.015,'https://img-dostavka.magnit.ru/resize/1600x1600/uf/958/958035ba2019b1bebdb5fcd69567c153/37e3f205ab805ee2177bdb377f427cbc.jpeg',1),
(10003439,'Конфеты Eco Botanica смузи ананас и манго 150г','Конфеты упакованные','Бренд\tРот Фронт\nПолный состав\nСахар, патока, вода питьевая, подсластитель мальтит, аген влагоудерживающий сорбитовый сироп, пюре яблочное (яблоки, консервант диоксид серы), агент желирующий пектин, пюре ананасовое (ананас быстозамороженный, консервант диоксид серы)','Объединенные Кондитеры',0.15,'https://img-dostavka.magnit.ru/resize/1600x1600/uf/869/8690b6da102fb452017e9d3efdcf7fe4/e4586d9e594d10e6e6ba445578b01d65.jpeg',0),
(40000951,'Губка Wellfort Эко для всех видов уборки 2шт','Губки для мытья посуды','Бренд\tWellfort\nПолный состав\nЦеллюлоза, фибра','Малибри',0.016,'https://img-dostavka.magnit.ru/resize/1600x1600/uf/d04/d040d576f92efdeff945cef0cf25966b/989fb5b8fbd93949f411b9911f61708a.jpeg',1),
(40001012,'Насадка для швабры York 42*10см Эко','Аксессуары для уборки','Бренд\tЙорк\nПолный состав\nметалл, микрофибра, пластик','Йорк',0.142,'https://img-dostavka.magnit.ru/resize/1600x1600/uf/821/821b3d3607a157475cdabce66f5c642d/a562001afeabf0f130a649d837e229ad.jpeg',1),
(40001013,'Губки для посуды York Эко целлюлоза 2шт','Губки для мытья посуды','Бренд\tЙорк\nПолный состав\nМатериал полиэстер, целлюлоза','Йорк',0.013,'https://img-dostavka.magnit.ru/resize/1600x1600/uf/cab/cab075bca935a41781c3d2f51ef0529a/95b44fc0dd59351f506a015b9f1cde44.jpeg',0),
(10003148,'Шампунь Garnier Fructis Алоэ Superfood увлажнение 350мл','Шампунь','Бренд\tGarnier\nПолный состав\nАква/вода, лаурилсульфат натрия, коко-глюкозид, коко-бетаин, сок листьев алоэ барбадосского, масло кокосовой пальмы/кокосовое масло кокоса','L’Oréal',0.35,'https://img-dostavka.magnit.ru/resize/1600x1600/uf/30b/30b9ede877cd2acf98fecb311778850f/b0aaed68cbc08b5d2603ccaca155cb6f.png',1),
(10004551,'Краска для волос Fara Eco Line 6.5 Вишня','Окрашивание','Бренд\tFara\nПолный состав\nВода, цетеариловый спирт, пропиленгликоль, глицерилстеарат, лауретсульфат натрия, этаноламин, 4,5-диамино-1- (2-гидроксиэтил) -пиразолсульфат','Gaudal',0.1,'https://img-dostavka.magnit.ru/resize/1600x1600/uf/0a8/0a8687eaa43f4b22b1a00870f8c172ae/1b7c772f6e036ace3e7bdb69088b5444.jpeg',0),
(10004189,'Гель для душа и шампунь Ecolatier 2в1 мужской грейпфрут вербена 600мл','Для душа и ванной','Бренд\tEcolatier\nПолный состав\nAqua, Sodium Coco-Sulfate, Cocamidopropyl Betaine, Glycerin (глицерин растительного происхождения), Verbena Officinalis Leaf Extract (экстракт вербены), Moringa Oleifera Leaf Extract (экстракт моринги)','Дизайнсоап',0.6,'https://img-dostavka.magnit.ru/resize/1600x1600/uf/e7c/e7ccca0c8e1ab7e0c216f5fb5359bd0e/2fcc315dfb8fb0c7c2e847346c3cdcaf.jpeg',1)

insert into Сеть values
(1,'Магнит','https://toplogos.ru/images/logo-magnit.png'),
(2,'Пятёрочка','https://toplogos.ru/images/logo-pyatyorochka.png'),
(3,'Перекресток','https://buydoma.ru/wp-content/uploads/2020/08/780a9875-251a-4b92-8d65-f4765a748ad1-1-1536x864.png'),
(4,'Верный','https://toplogos.ru/images/logo-verniy.png'),
(5,'Дикси','https://toplogos.ru/images/logo-diksi.png'),
(6,'Ашан','https://toplogos.ru/images/logo-auchan.png')

insert into Магазин values
(1,'Улица Пушкина 18',1),
(2,'Улица Борисовская 33',1),
(3,'Улица Глебова 28',1),
(4,'Проспект Петрова 37',2),
(5,'Проезд Иванова 66',2),
(6,'Улица Арбат 24',2),
(7,'Павелецкая площадь 3',3),
(8,'улица Большая Полянка 28',3),
(9,'улица Новый Арбат 15',3),
(10,'Волжский бульвар 13',4),
(11,'1-й Щипковский переулок 3',4),
(12,'5-я Парковая улица 10',4),
(13,'Улица Молостовых 14',5),
(14,'Мартеновская улица 22',5),
(15,'Мартеновская улица 9',5),
(16,'Верхняя Красносельская улица 3',6),
(17,'Рязанский проспект 2',6),
(18,'Носовихинское шоссе 45',6)

insert into Расположение values
(14356346,1,33), 
(14356346,2,58),
(14356346,3,2),
(14356346,4,62),
(14356346,5,20),
(14356346,6,11),
(14356346,7,45),
(14356346,8,100),
(14356346,9,6),
(14356346,10,23),
(14356346,11,48),
(14356346,12,46),
(14356346,13,86),
(14356346,14,39),
(14356346,15,47),
(14356346,16,31),
(14356346,17,13),
(14356346,18,82),
(65467457,1,54),
(65467457,2,92),
(65467457,3,46),
(65467457,4,49),
(65467457,5,60),
(65467457,6,97),
(65467457,7,48),
(65467457,8,41),
(65467457,9,79),
(65467457,10,31),
(65467457,11,38),
(65467457,12,37),
(65467457,13,12),
(65467457,14,7),
(65467457,15,94),
(65467457,16,68),
(65467457,17,79),
(65467457,18,93),
(10003906,1,18),
(10003906,2,99),
(10003906,3,66),
(10003906,4,41),
(10003906,5,38),
(10003906,6,72),
(10003906,7,100),
(10003906,8,46),
(10003906,9,28),
(10003906,10,7),
(10003906,11,65),
(10003906,12,17),
(10003906,13,51),
(10003906,14,93),
(10003906,15,83),
(10003906,16,69),
(10003906,17,84),
(10003906,18,20),
(10004981,1,24),
(10004981,2,42),
(10004981,3,1),
(10004981,4,9),
(10004981,5,66),
(10004981,6,18),
(10004981,7,59),
(10004981,8,88),
(10004981,9,56),
(10004981,10,59),
(10004981,11,64),
(10004981,12,70),
(10004981,13,11),
(10004981,14,31),
(10004981,15,24),
(10004981,16,27),
(10004981,17,10),
(10004981,18,62),
(10004580,1,35),
(10004580,2,61),
(10004580,3,26),
(10004580,4,70),
(10004580,5,85),
(10004580,6,75),
(10004580,7,38),
(10004580,8,19),
(10004580,9,68),
(10004580,10,98),
(10004580,11,85),
(10004580,12,79),
(10004580,13,24),
(10004580,14,48),
(10004580,15,94),
(10004580,16,89),
(10004580,17,22),
(10004580,18,58),
(10003579,1,5),
(10003579,2,58),
(10003579,3,24),
(10003579,4,78),
(10003579,5,31),
(10003579,6,45),
(10003579,7,54),
(10003579,8,74),
(10003579,9,18),
(10003579,10,25),
(10003579,11,7),
(10003579,12,5),
(10003579,13,32),
(10003579,14,79),
(10003579,15,12),
(10003579,16,78),
(10003579,17,9),
(10003579,18,72),
(10002341,1,56),
(10002341,2,7),
(10002341,3,17),
(10002341,4,38),
(10002341,5,1),
(10002341,6,19),
(10002341,7,88),
(10002341,8,4),
(10002341,9,52),
(10002341,10,79),
(10002341,11,88),
(10002341,12,57),
(10002341,13,1),
(10002341,14,63),
(10002341,15,27),
(10002341,16,57),
(10002341,17,81),
(10002341,18,60),
(10003868,1,73),
(10003868,2,87),
(10003868,3,54),
(10003868,4,35),
(10003868,5,60),
(10003868,6,91),
(10003868,7,80),
(10003868,8,40),
(10003868,9,57),
(10003868,10,53),
(10003868,11,51),
(10003868,12,63),
(10003868,13,25),
(10003868,14,55),
(10003868,15,81),
(10003868,16,8),
(10003868,17,1),
(10003868,18,42),
(10002222,1,50),
(10002222,2,83),
(10002222,3,31),
(10002222,4,55),
(10002222,5,61),
(10002222,6,86),
(10002222,7,90),
(10002222,8,98),
(10002222,9,6),
(10002222,10,19),
(10002222,11,58),
(10002222,12,92),
(10002222,13,6),
(10002222,14,24),
(10002222,15,74),
(10002222,16,14),
(10002222,17,98),
(10002222,18,93),
(10004536,1,36),
(10004536,2,23),
(10004536,3,19),
(10004536,4,37),
(10004536,5,1),
(10004536,6,96),
(10004536,7,53),
(10004536,8,91),
(10004536,9,100),
(10004536,10,50),
(10004536,11,71),
(10004536,12,56),
(10004536,13,19),
(10004536,14,22),
(10004536,15,100),
(10004536,16,80),
(10004536,17,96),
(10004536,18,44),
(10004518,1,54),
(10004518,2,37),
(10004518,3,10),
(10004518,4,4),
(10004518,5,63),
(10004518,6,11),
(10004518,7,44),
(10004518,8,58),
(10004518,9,47),
(10004518,10,63),
(10004518,11,42),
(10004518,12,98),
(10004518,13,33),
(10004518,14,86),
(10004518,15,13),
(10004518,16,41),
(10004518,17,75),
(10004518,18,100),
(10004510,1,8),
(10004510,2,73),
(10004510,3,27),
(10004510,4,57),
(10004510,5,73),
(10004510,6,14),
(10004510,7,32),
(10004510,8,68),
(10004510,9,66),
(10004510,10,48),
(10004510,11,2),
(10004510,12,79),
(10004510,13,35),
(10004510,14,26),
(10004510,15,41),
(10004510,16,87),
(10004510,17,62),
(10004510,18,88),
(10004605,1,87),
(10004605,2,85),
(10004605,3,8),
(10004605,4,56),
(10004605,5,7),
(10004605,6,72),
(10004605,7,84),
(10004605,8,44),
(10004605,9,48),
(10004605,10,88),
(10004605,11,4),
(10004605,12,64),
(10004605,13,37),
(10004605,14,93),
(10004605,15,90),
(10004605,16,4),
(10004605,17,26),
(10004605,18,44),
(10003061,1,33),
(10003061,2,83),
(10003061,3,29),
(10003061,4,21),
(10003061,5,12),
(10003061,6,77),
(10003061,7,49),
(10003061,8,19),
(10003061,9,64),
(10003061,10,51),
(10003061,11,84),
(10003061,12,99),
(10003061,13,5),
(10003061,14,63),
(10003061,15,51),
(10003061,16,75),
(10003061,17,92),
(10003061,18,28),
(10004995,1,73),
(10004995,2,4),
(10004995,3,2),
(10004995,4,53),
(10004995,5,74),
(10004995,6,15),
(10004995,7,52),
(10004995,8,76),
(10004995,9,78),
(10004995,10,48),
(10004995,11,62),
(10004995,12,26),
(10004995,13,27),
(10004995,14,67),
(10004995,15,37),
(10004995,16,19),
(10004995,17,89),
(10004995,18,40),
(10004562,1,60),
(10004562,2,79),
(10004562,3,47),
(10004562,4,80),
(10004562,5,10),
(10004562,6,89),
(10004562,7,69),
(10004562,8,80),
(10004562,9,88),
(10004562,10,32),
(10004562,11,7),
(10004562,12,19),
(10004562,13,41),
(10004562,14,16),
(10004562,15,36),
(10004562,16,71),
(10004562,17,39),
(10004562,18,31),
(10004473,1,25),
(10004473,2,82),
(10004473,3,58),
(10004473,4,11),
(10004473,5,3),
(10004473,6,95),
(10004473,7,45),
(10004473,8,35),
(10004473,9,42),
(10004473,10,67),
(10004473,11,95),
(10004473,12,50),
(10004473,13,54),
(10004473,14,61),
(10004473,15,3),
(10004473,16,7),
(10004473,17,11),
(10004473,18,86),
(10004529,1,21),
(10004529,2,94),
(10004529,3,1),
(10004529,4,32),
(10004529,5,70),
(10004529,6,74),
(10004529,7,65),
(10004529,8,12),
(10004529,9,40),
(10004529,10,58),
(10004529,11,18),
(10004529,12,76),
(10004529,13,31),
(10004529,14,2),
(10004529,15,21),
(10004529,16,73),
(10004529,17,4),
(10004529,18,25),
(10003439,1,22),
(10003439,2,88),
(10003439,3,72),
(10003439,4,91),
(10003439,5,67),
(10003439,6,98),
(10003439,7,60),
(10003439,8,49),
(10003439,9,90),
(10003439,10,71),
(10003439,11,89),
(10003439,12,10),
(10003439,13,23),
(10003439,14,1),
(10003439,15,66),
(10003439,16,2),
(10003439,17,54),
(10003439,18,25),
(40000951,1,74),
(40000951,2,72),
(40000951,3,64),
(40000951,4,76),
(40000951,5,75),
(40000951,6,46),
(40000951,7,42),
(40000951,8,5),
(40000951,9,32),
(40000951,10,88),
(40000951,11,49),
(40000951,12,55),
(40000951,13,88),
(40000951,14,23),
(40000951,15,93),
(40000951,16,50),
(40000951,17,8),
(40000951,18,50),
(40001012,1,87),
(40001012,2,3),
(40001012,3,57),
(40001012,4,50),
(40001012,5,26),
(40001012,6,58),
(40001012,7,48),
(40001012,8,43),
(40001012,9,94),
(40001012,10,43),
(40001012,11,12),
(40001012,12,52),
(40001012,13,7),
(40001012,14,79),
(40001012,15,86),
(40001012,16,82),
(40001012,17,1),
(40001012,18,34),
(40001013,1,26),
(40001013,2,2),
(40001013,3,87),
(40001013,4,76),
(40001013,5,18),
(40001013,6,63),
(40001013,7,95),
(40001013,8,76),
(40001013,9,18),
(40001013,10,39),
(40001013,11,64),
(40001013,12,34),
(40001013,13,53),
(40001013,14,96),
(40001013,15,32),
(40001013,16,73),
(40001013,17,41),
(40001013,18,33),
(10003148,1,42),
(10003148,2,53),
(10003148,3,38),
(10003148,4,45),
(10003148,5,75),
(10003148,6,96),
(10003148,7,5),
(10003148,8,90),
(10003148,9,55),
(10003148,10,71),
(10003148,11,78),
(10003148,12,13),
(10003148,13,80),
(10003148,14,27),
(10003148,15,14),
(10003148,16,92),
(10003148,17,53),
(10003148,18,30),
(10004551,1,7),
(10004551,2,1),
(10004551,3,21),
(10004551,4,95),
(10004551,5,99),
(10004551,6,27),
(10004551,7,69),
(10004551,8,20),
(10004551,9,63),
(10004551,10,65),
(10004551,11,79),
(10004551,12,18),
(10004551,13,75),
(10004551,14,71),
(10004551,15,42),
(10004551,16,25),
(10004551,17,94),
(10004551,18,24),
(10004189,1,77),
(10004189,2,91),
(10004189,3,8),
(10004189,4,53),
(10004189,5,40),
(10004189,6,34),
(10004189,7,35),
(10004189,8,72),
(10004189,9,1),
(10004189,10,25),
(10004189,11,13),
(10004189,12,88),
(10004189,13,21),
(10004189,14,95),
(10004189,15,52),
(10004189,16,70),
(10004189,17,83),
(10004189,18,53)

insert into Ценник values
(500,65467457,0,1),
(400,14356346,10,1),
(165,10003906,1,1),
(358,10004981,16,1),
(149,10004580,42,1),
(159,10003579,0,1),
(239,10002341,40,1),
(1616,10003868,42,1),
(229,10002222,0,1),
(235,10004536,41,1),
(74,10004518,0,1),
(209,10004510,36,1),
(349,10004605,12,1),
(149,10003061,34,1),
(360,10004995,0,1),
(329,10004562,21,1),
(229,10004473,28,1),
(135,10004529,28,1),
(303,10003439,0,1),
(59,40000951,0,1),
(319,40001012,0,1),
(219,40001013,0,1),
(399,10003148,0,1),
(143,10004551,52,1),
(109,10004189,21,1),
(600,65467457,0,2),
(800,14356346,10,2),
(267,10003906,3,2),
(480,10004981,12,2),
(120,10004580,25,2),
(149,10003579,5,2),
(400,10002341,9,2),
(2010,10003868,34,2),
(219,10002222,5,2),
(345,10004536,0,2),
(200,10004518,1,2),
(209,10004510,36,2),
(320,10004605,0,2),
(100,10003061,0,2),
(360,10004995,0,2),
(329,10004562,21,2),
(199,10004473,22,2),
(121,10004529,0,2),
(420,10003439,10,2),
(101,40000951,25,2),
(435,40001012,38,2),
(222,40001013,0,2),
(399,10003148,0,2),
(143,10004551,52,2),
(109,10004189,21,2),
(500,65467457,20,3),
(389,14356346,6,3),
(167,10003906,3,3),
(500,10004981,0,3),
(149,10004580,42,3),
(159,10003579,0,3),
(239,10002341,40,3),
(1655,10003868,0,3),
(229,10002222,20,3),
(159,10004536,0,3),
(74,10004518,0,3),
(209,10004510,36,3),
(349,10004605,12,3),
(169,10003061,0,3),
(360,10004995,20,3),
(256,10004562,0,3),
(210,10004473,28,3),
(125,10004529,0,3),
(303,10003439,47,3),
(59,40000951,0,3),
(319,40001012,32,3),
(156,40001013,0,3),
(289,10003148,0,3),
(143,10004551,52,3),
(109,10004189,21,3),
(500,65467457,0,4),
(400,14356346,10,4),
(165,10003906,1,4),
(224,10004981,11,4),
(149,10004580,42,4),
(159,10003579,0,4),
(239,10002341,40,4),
(1616,10003868,42,4),
(229,10002222,0,4),
(235,10004536,41,4),
(74,10004518,0,4),
(209,10004510,36,4),
(349,10004605,12,4),
(149,10003061,34,4),
(322,10004995,12,4),
(329,10004562,21,4),
(229,10004473,28,4),
(122,10004529,0,4),
(303,10003439,0,4),
(121,40000951,9,4),
(319,40001012,0,4),
(219,40001013,0,4),
(399,10003148,27,4),
(143,10004551,52,4),
(109,10004189,21,4),
(500,65467457,0,5),
(400,14356346,10,5),
(165,10003906,1,5),
(257,10004981,16,5),
(149,10004580,42,5),
(159,10003579,0,5),
(119,10002341,25,5),
(1200,10003868,0,5),
(229,10002222,0,5),
(235,10004536,41,5),
(74,10004518,5,5),
(209,10004510,36,5),
(349,10004605,12,5),
(149,10003061,34,5),
(360,10004995,0,5),
(329,10004562,21,5),
(229,10004473,28,5),
(135,10004529,28,5),
(303,10003439,0,5),
(59,40000951,0,5),
(459,40001012,32,5),
(219,40001013,0,5),
(399,10003148,0,5),
(143,10004551,52,5),
(109,10004189,21,5),
(500,65467457,0,6),
(423,14356346,10,6),
(165,10003906,1,6),
(358,10004981,16,6),
(149,10004580,42,6),
(159,10003579,0,6),
(239,10002341,40,6),
(1900,10003868,32,6),
(229,10002222,0,6),
(123,10004536,41,6),
(74,10004518,0,6),
(209,10004510,36,6),
(349,10004605,12,6),
(149,10003061,34,6),
(360,10004995,0,6),
(329,10004562,21,6),
(229,10004473,28,6),
(135,10004529,28,6),
(303,10003439,0,6),
(59,40000951,0,6),
(215,40001012,0,6),
(219,40001013,0,6),
(299,10003148,0,6),
(143,10004551,52,6),
(107,10004189,21,6)

insert into Клиент values
(13123447,'Иван'),
(75674587,'Антон'),
(53475947,'Елизавета'),
(41846487,'Даниил'),
(36634488,'Артур'),
(92163388,'Степан'),
(74312931,'Вера'),
(11186377,'Алексей'),
(25226214,'Виктор'),
(85379676,'Кирилл'),
(14875662,'Алёна'),
(94652597,'Виктория'),
(36853173,'Маргарита'),
(87135651,'Анна'),
(67476233,'Ульяна'),
(75441494,'Дарья'),
(24698855,'Ангелина')


insert into Отзыв values
(14356346,13123447,'Прекрасное средство',getdate(),5),
(14356346,75674587,'Товар ненадлежащего качества, отвратительно',getdate(),1),
(65467457,53475947,'Отличный товар, вся семья использует',getdate(),5),
(10003906,41846487,'Отличный товар! Рекомендую всем',getdate(),5),
(10003906,36634488,'К сожалению, этот товар оказался полным разочарованием',getdate(),1),
(10004981,92163388,'Я в восторге от этого товара! Качество на высоте',getdate(),5),
(10004580,74312931,'Я очень разочарована этим товаром. Качество оставляет желать лучшего',getdate(),1),
(10004580,11186377,'Превосходное качество и отличная цена',getdate(),5),
(10003579,25226214,'Плохой товар, не рекомендую его покупать',getdate(),1),
(10002341,85379676,'Отличный товар, вся семья использует',getdate(),4),
(10002341,14875662,'Никогда не видела такого удобного товара! Просто великолепно',getdate(),4),
(10003868,94652597,'Не стоит тратить деньги на этот товар',getdate(),1),
(10002222,36853173,'Этот товар превзошел все мои ожидания! Безупречное исполнение',getdate(),5),
(10002222,87135651,'Этот товар оказался непрактичным и неудобным в использовании',getdate(),3),
(10004536,67476233,'Я влюбилась в этот товар с первого взгляда! Просто шедевр',getdate(),5),
(10004518,75441494,'Я очень разочарована в этом товаре. Он не соответствует ожиданиям',getdate(),3),
(10004518,24698855,'Очень довольна покупкой',getdate(),5),
(10004510,13123447,'Низкое качество',getdate(),2),
(10004605,75674587,'Этот товар стал незаменимым помощником для меня! Очень доволен',getdate(),5),
(10004605,53475947,'Ужасный товар, который только создает проблемы. Не рекомендую его покупать',getdate(),2),
(10003061,41846487,'Прекрасный товар, который сделал мою жизнь намного лучше',getdate(),5),
(10004995,36634488,'Очень разочарован.',getdate(),2),
(10004995,92163388,'Я не могу нарадоваться этому товару! Он просто идеальный',getdate(),4),
(10004562,74312931,'Прекрасное средство',getdate(),4),
(10004473,11186377,'Плохое качество - главная характеристика этого товара',getdate(),2),
(10004473,25226214,'Супер',getdate(),5),
(10004529,85379676,'Товар не оправдал моих ожиданий',getdate(),2),
(10003439,14875662,'Этот товар - настоящее воплощение комфорта и удовольствия',getdate(),5),
(10003439,94652597,'Этот товар оказался непригодным для использования',getdate(),3),
(40000951,36853173,'Очень практичный и удобный товар! Рекомендую всем знакомым',getdate(),4),
(40001012,87135651,'Не рекомендую этот товар. Он не соответствует заявленным характеристикам',getdate(),4),
(40001012,67476233,'Наконец-то я нашла идеальный товар, который полностью удовлетворяет мои потребности',getdate(),4),
(40001013,75441494,'Я сожалею о покупке этого товара. Он оказался полностью бесполезным',getdate(),1),
(10003148,24698855,'Отличный товар! Рекомендую всем!',getdate(),5),
(10003148,13123447,'К сожалению, этот товар оказался полным разочарованием.',getdate(),1),
(10004551,75674587,'Я в восторге от этого товара! Качество на высоте!',getdate(),4),
(10004189,53475947,'Я очень разочарована этим товаром. Качество оставляет желать лучшего.',getdate(),2),
(10004189,41846487,'Превосходное качество и отличная цена!',getdate(),5)